{
  "baseline": {
    "brier": 0.07811415220585755,
    "cross_entropy": 0.7424084913623251,
    "kl": 0.25104673684689943,
    "l1": 0.40001610294120826
  },
  "class_bias_baseline_pred_minus_gt": [
    0.05778606617563975,
    -0.07378025735282182,
    0.013641985294111298,
    0.01946047794122702,
    -0.04235981617606385,
    0.025251544117767203
  ],
  "class_bias_learned_pred_minus_gt": [
    0.008938137090028442,
    -0.018923285229338158,
    0.007815642219063145,
    0.0033561666172737363,
    -0.014629913308877779,
    0.01344325261156545
  ],
  "class_labels": [
    "Empty",
    "Settlement",
    "Port",
    "Ruin",
    "Forest",
    "Mountain"
  ],
  "delta_learned_minus_baseline": {
    "brier": -0.01328982198798527,
    "cross_entropy": -0.06044627732164709,
    "kl": -0.060446277322038194,
    "l1": -0.025112574782971353
  },
  "evaluated_at": "2026-03-22T01:12:27.099756+00:00",
  "gates": {
    "brier_non_regression": true,
    "cross_entropy_non_regression": true,
    "kl_non_regression": true,
    "l1_non_regression": true
  },
  "learned": {
    "brier": 0.06482433021787228,
    "cross_entropy": 0.681962214040678,
    "kl": 0.19060045952486124,
    "l1": 0.3749035281582369
  },
  "per_round": {
    "1": {
      "baseline": {
        "brier": 0.05976505624999888,
        "cross_entropy": 0.7794788859977823,
        "kl": 0.22563368978631954,
        "l1": 0.3687374999999923
      },
      "learned": {
        "brier": 0.04411300153488633,
        "cross_entropy": 0.7103459780902937,
        "kl": 0.1565007818788159,
        "l1": 0.31577151692125977
      },
      "rows": 8000
    },
    "10": {
      "baseline": {
        "brier": 0.08136878749999905,
        "cross_entropy": 0.34467995350534586,
        "kl": 0.23267491210977437,
        "l1": 0.40390125000001037
      },
      "learned": {
        "brier": 0.08998443153063501,
        "cross_entropy": 0.3695363204967025,
        "kl": 0.2575312791011623,
        "l1": 0.4666327696785229
      },
      "rows": 8000
    },
    "11": {
      "baseline": {
        "brier": 0.11677020625000205,
        "cross_entropy": 1.0552454378649732,
        "kl": 0.37301133851743556,
        "l1": 0.4970037499999885
      },
      "learned": {
        "brier": 0.0827208118436431,
        "cross_entropy": 0.9098839261624059,
        "kl": 0.22764982681483778,
        "l1": 0.4305779121387875
      },
      "rows": 8000
    },
    "12": {
      "baseline": {
        "brier": 0.1399941562499991,
        "cross_entropy": 0.6519383627210642,
        "kl": 0.3832467847120809,
        "l1": 0.5123812500000142
      },
      "learned": {
        "brier": 0.12980451155885958,
        "cross_entropy": 0.5982136973480013,
        "kl": 0.3295221193390349,
        "l1": 0.5301446465852208
      },
      "rows": 8000
    },
    "13": {
      "baseline": {
        "brier": 0.04088582499999924,
        "cross_entropy": 0.653728516170672,
        "kl": 0.14547985656838766,
        "l1": 0.29537499999999695
      },
      "learned": {
        "brier": 0.034198095741181406,
        "cross_entropy": 0.6200417904076146,
        "kl": 0.11179313080530993,
        "l1": 0.27288663817635483
      },
      "rows": 8000
    },
    "14": {
      "baseline": {
        "brier": 0.1378804750000021,
        "cross_entropy": 1.0700472015596558,
        "kl": 0.3930628586069096,
        "l1": 0.523087499999991
      },
      "learned": {
        "brier": 0.10571286587309742,
        "cross_entropy": 0.936624513168417,
        "kl": 0.2596401702156608,
        "l1": 0.46761303757907086
      },
      "rows": 8000
    },
    "15": {
      "baseline": {
        "brier": 0.0506195249999991,
        "cross_entropy": 0.8690686887827578,
        "kl": 0.20286332478970998,
        "l1": 0.35869874999999335
      },
      "learned": {
        "brier": 0.030279814047662727,
        "cross_entropy": 0.7830386925467339,
        "kl": 0.11683332855366473,
        "l1": 0.2766971297566616
      },
      "rows": 8000
    },
    "16": {
      "baseline": {
        "brier": 0.06758421250000013,
        "cross_entropy": 0.5351768898365724,
        "kl": 0.21414414982818744,
        "l1": 0.3744200000000019
      },
      "learned": {
        "brier": 0.06531985365735683,
        "cross_entropy": 0.5163057187102318,
        "kl": 0.19527297870188318,
        "l1": 0.3858137135528042
      },
      "rows": 8000
    },
    "17": {
      "baseline": {
        "brier": 0.09452317500000006,
        "cross_entropy": 1.1049916996927363,
        "kl": 0.32932985034744705,
        "l1": 0.4724949999999879
      },
      "learned": {
        "brier": 0.059584754204172495,
        "cross_entropy": 0.9604855844756037,
        "kl": 0.18482373513029385,
        "l1": 0.380287773992397
      },
      "rows": 8000
    },
    "2": {
      "baseline": {
        "brier": 0.05001886874999926,
        "cross_entropy": 0.9039524357634193,
        "kl": 0.2120721193760651,
        "l1": 0.3600437499999897
      },
      "learned": {
        "brier": 0.028581795534945827,
        "cross_entropy": 0.8128665014168639,
        "kl": 0.12098618502948136,
        "l1": 0.27036172751652865
      },
      "rows": 8000
    },
    "3": {
      "baseline": {
        "brier": 0.0862746749999976,
        "cross_entropy": 0.3165607364607491,
        "kl": 0.24844454924168274,
        "l1": 0.4171025000000181
      },
      "learned": {
        "brier": 0.09607449309224081,
        "cross_entropy": 0.34656997547395274,
        "kl": 0.27845378825491623,
        "l1": 0.4825537240440786
      },
      "rows": 8000
    },
    "4": {
      "baseline": {
        "brier": 0.04196930624999919,
        "cross_entropy": 0.6113860466781356,
        "kl": 0.14597566092504294,
        "l1": 0.2942562499999996
      },
      "learned": {
        "brier": 0.036437301739384746,
        "cross_entropy": 0.5821047799749188,
        "kl": 0.11669439422180872,
        "l1": 0.27973414898441806
      },
      "rows": 8000
    },
    "5": {
      "baseline": {
        "brier": 0.06477746874999879,
        "cross_entropy": 0.6978641018081534,
        "kl": 0.2160783126586462,
        "l1": 0.3688062499999907
      },
      "learned": {
        "brier": 0.05476872441184714,
        "cross_entropy": 0.6506804373607892,
        "kl": 0.16889464821127373,
        "l1": 0.352299738104926
      },
      "rows": 8000
    },
    "6": {
      "baseline": {
        "brier": 0.08968061875000005,
        "cross_entropy": 1.1124141466605,
        "kl": 0.30418215768543777,
        "l1": 0.4536712499999899
      },
      "learned": {
        "brier": 0.05844887848588959,
        "cross_entropy": 0.9885434748303203,
        "kl": 0.18031148585524343,
        "l1": 0.36844862523103394
      },
      "rows": 8000
    },
    "7": {
      "baseline": {
        "brier": 0.10869359374999853,
        "cross_entropy": 0.713621025171838,
        "kl": 0.3219517844170944,
        "l1": 0.4603687500000032
      },
      "learned": {
        "brier": 0.09715371906409512,
        "cross_entropy": 0.6551250470028592,
        "kl": 0.26345580624813997,
        "l1": 0.4585953529576257
      },
      "rows": 8000
    },
    "8": {
      "baseline": {
        "brier": 0.058118637499998696,
        "cross_entropy": 0.429749552408525,
        "kl": 0.16000281803934982,
        "l1": 0.32915374999999913
      },
      "learned": {
        "brier": 0.06333322458860335,
        "cross_entropy": 0.44121945805350626,
        "kl": 0.17147272368432462,
        "l1": 0.38849243281266355
      },
      "rows": 8000
    },
    "9": {
      "baseline": {
        "brier": 0.039015999999999725,
        "cross_entropy": 0.7710406720812899,
        "kl": 0.15964035878776753,
        "l1": 0.31077124999999484
      },
      "learned": {
        "brier": 0.02549733679490209,
        "cross_entropy": 0.7117717431705417,
        "kl": 0.10037142987699345,
        "l1": 0.24644909065760345
      },
      "rows": 8000
    }
  },
  "rows": 136000
}
